5,-1,-2,-1,0,-4,9,103,0,-1,2
-5,0,91,2,-2,-6,1,3,-10,0,2
3,-4,-2,0,-5,2,-500,-3,2,-6,1
-303,-9,-12,6,2,2,0,2,-5,0,2
-6,-1,6,1,0,0,-2,0,0,-492,2
2,2,-497,2,1,-6,-5,-1,1,6,1
-6,7,-10,0,0,2,-1,12,298,-3,1
-97,-4,8,-6,-6,12,-11,-5,3,4,2
1,1,0,-94,-5,0,1,0,10,-2,1
1,-1,-4,-4,-7,-9,-3,-6,-299,-8,2
4,8,-3,-1,-4,0,498,8,11,-3,2
-1,1,6,-4,0,0,-7,-103,5,11,2
-2,-1,-4,0,4,-301,4,6,-1,-4,2
-1,0,-8,0,1,-4,-92,0,1,-2,1
8,4,7,2,4,-294,10,1,-2,3,2
5,-9,-505,4,4,8,-3,2,4,0,1
90,-1,-6,-3,2,-3,4,1,-2,2,1
4,5,6,2,-4,1,-1,-3,0,-500,2
3,-1,-2,2,304,0,3,3,-1,-8,1
-2,-2,6,0,-5,-4,-99,1,-1,-2,1
6,4,-6,-101,3,-6,4,-2,0,0,1
-3,-2,1,1,-1,-6,-3,-3,4,-509,2
7,3,-9,5,-6,9,-1,0,-493,10,2
-302,7,-7,-11,-6,6,0,0,3,2,2
0,-8,0,-5,-1,494,-2,3,-3,-6,2
2,0,4,7,1,6,-4,-1,295,2,1
5,-498,4,2,11,3,-3,-4,-1,1,2
-2,6,-5,-1,-2,8,-2,-9,305,3,1
-3,0,4,0,-1,4,-299,0,2,-1,2
8,-1,4,0,-2,-3,0,14,-290,-12,2
-15,-9,0,0,4,-4,0,-1,500,0,2
1,-290,-3,11,-1,1,-1,-10,-1,1,1
-11,1,-1,-4,0,1,-105,-2,-3,-8,1
11,3,1,8,-9,-3,-2,-496,-10,1,2
6,-4,-8,3,-1,0,5,4,6,301,2
2,2,-3,93,6,-2,4,0,5,-2,1
-2,1,7,0,-95,-3,2,3,-9,4,2
104,-4,-1,0,-4,-5,1,-1,0,-8,1
-14,-1,-1,2,1,4,-3,4,-300,9,2
3,2,4,5,497,-7,6,7,3,3,1
7,-2,2,-6,-292,-9,9,1,0,7,2
-3,4,-1,-3,3,3,304,0,2,-3,2
1,2,-4,-302,4,4,2,2,0,-3,2
4,1,289,2,-6,-4,2,-1,3,0,1
4,0,0,6,0,104,-1,5,6,3,1
-8,6,4,-2,-305,1,-1,-3,-3,-1,2
0,2,296,-4,3,-10,5,6,0,-6,1
3,1,3,10,0,-95,-3,-9,6,2,1
4,-1,-7,5,-1,-2,-504,4,7,5,1
-4,13,8,1,3,2,-1,7,5,-503,2
1,5,1,10,-3,-1,4,99,-3,-3,2
4,2,4,-4,1,-2,2,4,2,91,2
-2,4,-3,0,-3,-3,502,0,-1,0,2
-3,-1,-5,-11,-1,6,-99,6,-2,-5,1
0,8,-2,-2,-4,1,8,1,-507,-3,2
-103,-1,2,-8,-8,3,0,-1,5,-6,2
4,-12,0,8,1,-5,2,306,-4,-1,2
5,5,-8,-2,6,-7,-1,-1,-102,7,2
-2,-2,-5,-8,6,-498,1,-5,-1,-1,1
5,0,0,11,3,13,0,0,-1,295,2
-2,1,-5,2,2,-3,-4,-5,2,499,1
-497,5,-2,5,4,1,-8,3,3,0,2
1,-4,302,3,-3,-2,2,0,-3,3,1
0,-1,-1,6,-2,-2,-1,-1,-3,299,2
-6,-3,1,7,12,-5,0,-5,-3,-100,1
-6,4,2,-1,-307,1,-6,2,-6,6,2
5,7,2,99,2,-3,-11,-7,3,4,1
4,-2,1,5,-6,-3,99,1,-11,-5,2
4,7,-7,0,8,-5,-2,1,10,289,2
-5,3,-2,-494,-4,1,-5,0,0,-3,1
502,5,0,0,4,-4,-5,0,-5,0,1
-8,4,0,-8,2,-495,3,7,-1,1,1
-5,6,5,1,-1,495,0,5,0,-4,2
-2,-9,9,0,-100,-8,-2,2,10,7,2
0,-102,11,-2,10,1,4,-2,-3,3,2
6,-4,-3,2,-8,-300,0,4,3,1,2
1,-1,6,3,-10,-507,10,5,-9,3,1
5,5,3,0,-3,4,-6,-2,-4,508,1
1,0,-4,-1,5,104,1,-7,-4,2,1
-4,-4,-1,6,94,6,0,-16,3,-8,1
5,9,96,3,6,0,-2,1,-3,-5,2
-4,2,14,6,5,2,12,-497,1,6,2
4,1,5,4,-1,-3,-92,0,-5,3,1
101,-11,-5,4,-7,1,3,8,5,0,1
4,-3,1,-1,-1,4,-1,-508,3,-7,2
-5,99,-3,1,-3,3,-3,0,-5,-2,1
-1,1,3,4,3,5,4,-294,-2,0,1
3,2,-5,-8,9,2,-1,496,1,0,1
0,6,4,0,0,-3,0,-108,0,1,2
-9,-303,-11,-7,4,0,-1,1,-4,1,1
2,3,3,495,8,-2,3,-3,-4,-6,1
5,-4,8,1,97,-7,0,-3,-5,-5,1
0,0,-2,1,10,299,7,1,3,-3,2
-1,504,2,5,1,11,-3,-6,5,-2,1
0,0,96,6,-8,-1,-3,-2,6,9,2
6,0,9,-3,-3,0,7,2,-298,0,2
-7,0,4,-2,0,-293,0,0,5,-2,2
11,-3,-495,-2,-3,4,-6,-1,1,1,1
-1,-93,-1,5,1,1,9,0,-2,5,2
-5,-2,0,10,-7,7,-2,6,304,3,1
1,3,3,-7,-6,-4,-5,-3,3,-498,2
-1,-3,0,501,-1,2,0,0,-5,5,1
-3,0,-7,300,3,2,5,-4,5,-3,1
4,0,-1,-4,2,-9,102,0,-9,-1,2
2,2,-2,8,-6,-9,12,3,1,-90,1
0,-3,4,-5,95,-9,-2,-1,5,6,1
6,0,-7,4,0,8,0,-6,-494,4,2
0,-4,2,-1,9,-96,-2,-3,0,-6,1
-5,-3,0,0,4,-3,-500,2,-2,4,1
-304,6,3,8,9,0,0,1,2,1,2
8,-299,-5,6,-5,-1,3,-2,1,-4,1
0,-1,3,-1,-2,92,1,-1,-4,-3,1
-290,-12,-4,8,-1,-6,-4,10,-2,6,2
498,2,9,0,-2,0,0,0,-1,-3,1
0,-4,0,-2,3,-2,0,-5,10,-95,1
3,-2,-512,-1,-5,8,-1,-6,4,0,1
-9,-4,1,2,-3,-5,0,-499,-1,0,2
1,501,-4,-2,-2,-7,3,3,6,-1,1
-1,295,-4,2,-8,4,0,-7,4,-3,2
-496,-3,-9,6,6,-10,2,3,9,2,2
-4,-297,-7,-9,0,-7,4,-7,0,-1,1
10,0,-1,-12,-6,2,-3,501,3,-6,1
-9,-5,4,-1,3,5,1,5,8,303,2
-496,0,3,1,5,-5,6,-7,1,2,2
-4,7,3,301,-3,1,-8,-7,-1,-1,1
6,-7,4,-492,2,1,6,8,0,-1,1
2,-4,-1,-10,-1,105,2,6,6,0,1
2,-5,17,-7,-4,1,0,-3,-1,104,2
297,2,0,-1,4,-2,2,2,4,0,1
7,2,0,-6,-3,-9,0,-503,-3,0,2
-5,0,13,1,2,287,-2,-6,-5,1,2
-8,0,-3,-4,2,-4,4,-8,497,-1,2
-5,1,-2,506,2,-4,0,3,1,-1,1
-299,2,10,1,6,4,3,-2,3,-1,2
-98,0,-3,0,6,-1,0,-5,1,-2,2
4,2,-497,6,1,2,5,0,1,13,1
2,8,1,-2,0,-292,-6,-5,0,4,2
1,0,3,0,-1,-6,13,12,2,-104,1
4,8,1,-2,2,1,0,103,-1,-7,2
-2,0,3,8,-2,295,-2,5,0,1,2
8,-3,-1,5,0,-8,1,2,10,91,2
11,-297,11,-5,-5,0,4,0,0,-4,1
2,3,2,-5,5,-9,-1,-6,-99,0,2
-8,-302,6,0,0,0,-2,10,-1,0,1
-2,-5,2,8,0,-3,4,-92,7,3,2
6,-2,4,-2,5,-1,-295,7,0,-1,2
-2,-297,-3,-1,-9,-2,-4,-2,-3,-5,1
-7,7,-296,7,-6,8,3,-2,-5,2,2
-11,4,-5,-2,1,7,-4,3,504,3,2
-108,5,5,-2,-2,-2,8,-8,6,-7,2
0,-2,-4,9,0,104,-1,-1,-8,-2,1
-6,0,-14,0,-3,-297,1,-10,-5,5,2
-1,-6,-4,-3,8,7,104,-5,-10,3,2
3,7,-3,1,1,-307,-3,-2,-2,-2,2
-1,-5,5,2,0,-6,2,9,3,-92,1
-5,2,107,-8,0,9,3,-2,8,2,2
4,1,-2,7,2,2,-505,-2,0,6,1
-1,7,-12,0,-503,7,1,0,-1,5,1
-3,-93,-4,5,-4,4,0,-2,-3,2,2
0,295,4,-2,-2,2,-6,-4,-4,-1,2
11,4,97,-5,-15,1,0,-7,-7,-6,2
1,-502,-8,-3,-7,2,3,-4,4,3,2
-302,8,-4,9,-1,3,3,5,-2,5,2
96,0,-2,5,-2,-5,0,-5,2,-3,1
-4,-5,1,1,-3,4,93,-4,-2,-14,2
-7,1,-12,0,6,-3,-1,5,5,-103,1
-2,0,-2,0,0,-502,-5,3,3,-5,1
3,-5,-2,0,0,1,99,-7,5,-3,2
-2,97,7,-8,7,1,-9,-2,6,-8,1
3,3,-1,3,-6,0,-2,-99,-4,-4,2
8,-9,0,3,1,0,-499,0,2,0,1
1,-4,5,2,0,0,101,5,3,3,2
0,-7,294,-6,1,0,6,-5,-6,5,1
5,2,6,3,3,294,0,-3,0,-4,2
2,3,-8,104,3,-2,7,2,0,7,1
0,0,-1,5,-1,0,6,4,-502,-4,2
499,-2,3,-1,5,11,0,-3,-2,-3,1
2,3,5,2,0,6,-1,-5,-3,496,1
0,97,6,-3,-5,-7,4,-2,-4,-8,1
3,-5,4,-4,300,-1,-5,-2,1,-3,1
-1,0,2,297,-1,-11,0,-9,1,-6,1
-4,0,-1,-2,0,-304,-3,-2,0,-3,2
0,-10,0,6,-6,-300,0,10,-1,2,2
1,2,0,1,0,2,2,6,-305,0,2
0,-4,-1,-98,5,-4,1,-2,1,0,1
-2,494,-2,2,-1,-5,-7,-2,-2,2,1
6,506,-14,-1,-5,-1,1,0,2,0,1
-2,-497,0,-4,8,-5,1,9,0,-7,2
2,8,0,-2,-6,7,-4,1,0,301,2
-4,-7,4,9,-7,1,8,3,298,0,1
1,5,3,0,0,4,0,-3,-4,302,2
5,4,2,-5,0,-6,5,5,-5,-298,2
-7,-1,-93,-2,5,0,6,6,-2,8,1
5,-10,-4,0,103,1,-4,-3,-7,-1,1
0,5,-99,0,0,3,0,-6,-5,0,1
-4,6,3,-4,0,-5,-1,-3,0,-487,2
3,0,99,-4,9,3,-7,-3,2,3,2
-104,-4,-3,-2,-1,0,-3,6,1,0,2
-2,6,-5,4,-1,-6,5,3,-500,0,2
-5,-305,9,4,1,-2,2,0,-3,1,1
294,1,-6,4,1,1,-1,-7,-4,-3,1
-5,4,0,-2,0,0,-1,-7,3,94,2
3,-1,0,-2,-1,98,-2,-1,1,2,1
-496,0,-9,1,1,0,-1,-2,5,-5,2
0,0,4,0,1,-3,1,-6,300,0,1
-1,3,-4,0,2,2,-95,0,2,-5,1
-3,0,5,-1,2,95,0,6,6,0,1
5,2,-2,492,0,2,-4,0,1,1,1
0,2,-2,102,0,13,0,-4,6,-2,1
-10,-1,-1,12,-6,1,-8,-2,-1,-102,1
6,4,1,-2,299,-1,0,-5,0,-2,1
-1,-1,-291,3,-7,2,-4,-7,6,-8,2
-2,6,0,2,-3,-1,1,0,-5,501,1
-13,-4,-2,1,0,2,0,-5,506,-4,2
509,0,-5,-1,-1,-5,-1,-7,11,1,1
0,2,99,-1,6,-3,3,0,-7,1,2
12,0,-5,2,0,-300,0,4,8,0,2
-3,-2,-301,0,-1,2,-3,0,4,2,2
-3,2,7,4,-7,310,-1,1,-4,-2,2
0,1,293,0,9,-9,6,-1,-4,2,1
4,-5,-1,1,0,2,6,-2,100,-3,1
9,1,-4,-501,1,-1,-3,1,-1,-2,1
1,2,2,-511,-9,-1,-3,0,5,4,1
0,0,303,-10,3,-1,1,-6,-2,-2,1
9,0,-89,4,-2,4,-1,11,7,-6,1
-2,2,-2,-2,6,-1,-1,-4,-493,5,2
-2,0,-1,0,7,2,-2,-1,-3,-302,2
7,4,2,0,0,-5,-297,6,-9,-4,2
2,-11,-3,1,-4,-7,295,6,0,0,2
1,0,0,0,-1,6,2,-8,-5,493,1
-10,0,-7,0,2,-499,-5,4,0,-8,1
2,10,-6,1,-6,-2,1,-498,10,-5,2
11,-1,8,10,-95,1,-2,8,1,-6,2
2,-5,-9,-1,-6,1,301,11,5,-6,2
0,0,0,-10,1,-5,1,-3,-493,5,2
-1,-304,0,-3,-2,2,6,4,-3,-1,1
5,-3,3,3,-5,4,6,5,289,-1,1
0,-3,304,0,3,-9,-2,-12,-1,-3,1
0,3,0,4,4,2,-5,-3,-299,5,2
0,-14,10,13,104,-1,-1,7,-2,0,1
299,1,-7,8,0,1,10,4,4,0,1
1,1,-4,0,1,0,-300,3,0,2,2
0,3,0,-7,10,-304,11,0,2,0,2
-291,1,0,9,1,1,-1,3,-5,0,2
-7,491,-1,0,3,-2,8,0,0,3,1
2,0,-9,0,-2,-5,10,-103,2,-5,2
0,-3,3,501,4,-1,5,1,-2,-5,1
3,2,4,8,6,-100,0,2,6,-2,1
1,0,5,-1,292,0,-2,-2,-9,0,1
-100,1,-7,0,-5,0,-3,-4,-3,5,2
7,-7,-5,0,6,9,300,2,0,3,2
1,0,2,-4,-2,-2,-305,12,-2,2,2
-293,2,1,7,-1,-1,-2,0,-4,8,2
1,1,6,-5,-9,3,-1,-4,299,-2,1
1,-4,0,2,9,5,-3,7,93,-4,1
3,-9,-98,1,4,-7,1,4,-6,1,1
4,1,-1,-298,-4,-4,-3,10,-6,0,2
-2,5,2,0,6,2,-103,-1,-2,-4,1
507,1,4,3,0,0,-2,5,-7,6,1
-5,-1,504,0,-1,-3,-4,1,-16,-4,1
-7,7,-500,7,-3,0,-5,-1,4,-5,1
-2,0,-1,3,-5,-1,5,3,-99,3,2
1,4,-4,497,2,10,1,5,0,0,1
-4,8,-1,-303,-3,-9,8,-3,1,-4,2
-4,10,1,2,-3,0,-109,4,-2,-5,1
0,-96,-3,-5,4,-15,0,7,-4,8,2
-4,2,4,-1,10,11,-6,4,-1,-509,2
-3,-302,4,0,2,-4,0,-2,-3,-3,1
-10,-99,6,-1,-6,-2,5,2,6,-2,2
0,0,-3,-101,1,2,-9,-3,5,4,1
-1,0,-498,-8,3,-3,-3,-9,-2,-5,1
92,14,-5,4,6,5,-2,-7,-2,7,1
-3,1,-1,-96,3,-2,0,-7,0,-4,1
0,0,3,-4,2,3,1,0,498,-10,2
3,-6,-4,-96,-5,3,5,1,-3,-6,1
1,-3,4,3,2,308,-8,2,1,-2,2
6,-295,-1,10,12,-3,3,4,5,-9,1
0,-4,2,-2,7,6,-7,-92,0,1,2
4,2,-8,0,-504,1,0,-3,0,4,1
4,4,-2,-3,-10,2,2,1,-5,-504,2
96,0,11,11,-1,2,-5,-10,0,0,1
301,-7,1,-1,11,2,9,-1,2,-3,1
-9,-5,3,13,-296,4,0,0,0,-2,2
-6,2,6,4,-4,-8,-3,-3,-1,87,2
-2,-8,-4,-6,-4,2,4,306,-2,0,2
301,7,1,4,6,1,0,0,-14,-5,1
8,0,-104,3,-1,0,1,-1,8,5,1
6,-3,0,0,-102,13,-3,1,2,-5,2
-1,-5,8,-6,1,-1,0,299,1,-5,2
2,-2,1,-2,-7,-98,-9,0,0,0,1
-1,0,3,-8,-104,0,0,0,2,-3,2
1,0,0,499,9,-6,-3,-3,-7,0,1
-8,7,3,4,4,0,-98,6,-10,1,1
-5,-10,10,0,4,-3,-4,289,10,0,2
-102,7,0,-7,-3,0,0,0,0,5,2
4,-7,3,-3,-5,6,501,1,-3,2,2
-3,-6,-1,6,-1,1,8,3,6,-99,1
-105,0,-14,-2,-5,6,1,-3,0,-2,2
3,2,6,-5,0,300,0,0,0,3,2
0,4,0,-91,0,6,-1,3,6,3,1
6,8,-11,10,0,1,-5,298,5,-6,2
-101,-2,8,-3,2,-6,0,1,-4,0,2
296,0,4,-4,-5,4,-4,8,2,0,1
6,-98,8,4,-5,4,-2,-1,2,7,2
-5,5,-98,6,-2,0,-2,3,-5,0,1
0,2,-1,-1,7,-8,-102,-2,-7,4,1
-2,2,0,302,6,0,3,1,5,-4,1
310,-1,-7,-3,5,4,-2,4,2,-1,1
3,-8,1,3,0,4,-2,-91,-2,4,2
-4,2,3,-101,1,-3,-1,-5,3,3,1
1,0,-2,-3,0,-3,0,-5,-4,-99,1
-3,6,-1,0,-2,14,-5,-97,-7,1,2
-3,1,-11,1,-2,1,106,-1,-3,10,2
-300,-6,-1,8,6,-2,2,-8,-4,2,2
-2,298,-4,0,0,-2,0,2,0,-1,2
308,0,-2,2,5,-3,0,0,-8,2,1
3,0,-2,-2,0,291,0,0,-3,5,2
1,-4,-1,-1,-3,-3,-4,1,99,4,1
0,3,-10,1,6,-8,308,-1,-4,5,2
-5,-499,0,-1,5,-2,-2,-1,-3,-1,2
12,-302,-1,0,-2,-6,5,0,2,3,1
-2,8,-6,9,6,-3,7,4,-299,4,2
0,0,-5,1,-9,4,3,3,-97,-3,2
-305,3,-12,-4,-1,0,8,0,-2,-2,2
0,-8,3,-6,4,3,307,-3,2,-2,2
-3,5,3,-3,1,0,494,1,-7,2,2
0,2,499,1,1,-1,12,-4,-5,0,1
2,307,11,0,0,3,-6,1,8,10,2
4,0,-103,5,0,-6,1,-9,0,-1,1
-5,-508,0,0,0,1,-1,-4,0,4,2
-4,0,-511,-9,0,-3,-13,2,10,7,1
-6,2,0,-10,3,1,-304,-5,2,12,2
1,-1,1,7,0,-498,3,-6,-1,4,1
6,-5,1,2,6,0,1,486,4,9,1
-8,-14,1,-11,-5,-6,8,-105,-7,0,2
1,1,2,1,0,-296,3,-2,-4,-2,2
0,-2,0,-4,-4,0,-1,-2,493,0,2
2,0,-6,3,-1,-3,8,-3,-108,8,2
-2,1,-3,0,-103,0,0,-6,1,-1,2
0,-1,-99,0,-6,-11,5,-6,3,-5,1
-5,6,99,-2,0,5,-3,-7,-2,1,2
9,-1,2,5,-101,6,4,-1,-1,1,2
0,-1,-4,-3,4,-1,0,5,-92,0,2
7,2,8,-2,-307,4,-4,0,-8,4,2
-2,9,-5,5,-7,102,3,-1,-1,-4,1
-8,5,-87,11,-3,4,-5,2,1,-3,1
-1,-5,0,497,9,3,5,-6,-2,-6,1
-8,-12,1,-499,4,7,8,-8,1,-1,1
-6,-4,-114,1,-10,2,-2,2,2,-8,1
-5,-5,-302,7,8,2,0,-1,0,2,2
2,-11,3,-1,2,-10,2,88,-6,2,2
-3,2,-8,-496,6,3,6,0,6,-3,1
0,-3,-495,-4,0,-5,-9,0,-1,-2,1
6,10,-7,4,1,-305,-6,5,8,0,2
-5,-2,-94,4,-5,-3,5,-1,1,-2,1
3,1,0,-4,1,-13,-10,-10,502,1,2
-2,-3,7,-4,-1,-2,6,5,296,-8,1
0,4,1,-496,4,-1,4,-5,5,-1,1
-6,0,1,1,1,11,6,-100,-1,3,2
-1,-6,0,94,-1,0,-5,-7,2,7,1
8,-503,-7,-3,-9,4,0,7,-1,-4,2
-1,-7,0,-3,2,4,6,2,5,500,1
0,-4,0,-99,0,5,-3,0,14,2,1
-5,-3,-2,-294,-1,-8,1,-1,0,-2,2
-3,4,-7,4,1,3,7,-304,-11,-1,1
305,1,-5,7,-3,8,2,-3,3,12,1
-5,-294,-2,-3,3,5,0,-1,2,7,1
-298,0,-9,1,-7,-4,-9,-2,0,0,2
5,5,5,-4,-11,-1,0,-3,-507,0,2
0,-3,-5,-9,1,-3,-5,-303,1,-3,1
-6,0,-1,-1,101,4,-5,0,-4,-1,1
-7,-3,0,502,-7,4,4,-5,0,0,1
-8,1,-4,-1,3,6,-296,-6,4,-8,2
5,-2,4,2,1,-2,-5,-501,-4,-3,2
3,-5,1,-2,9,-299,-7,0,0,-5,2
6,-4,-1,-1,7,504,0,-2,2,4,2
2,11,0,-299,3,-2,4,11,-14,-3,2
0,-5,1,0,-5,97,-3,2,6,1,1
0,3,0,501,-6,0,-2,1,0,0,1
-102,3,1,0,0,0,0,8,0,0,2
1,4,-1,-9,11,-6,0,98,-1,0,2
-8,305,4,4,2,2,-7,5,11,0,2
-4,-4,2,2,-1,-3,1,3,-9,-306,2
0,93,6,3,1,6,0,7,1,0,1
4,-5,5,0,4,-9,-6,2,-503,-2,2
1,-1,-9,3,2,-105,2,0,-2,-8,1
-10,-4,-4,300,1,4,-4,-11,-4,-6,1
-3,-3,-7,-1,-4,1,9,7,-101,2,2
-9,1,-1,502,1,0,-3,5,-6,-4,1
-2,2,-7,-1,-1,-3,-5,-104,-7,1,2
-1,5,3,-4,4,-97,1,-2,0,-8,1
1,0,-4,-1,-4,-3,1,8,0,-299,2
0,2,0,4,-7,3,-4,98,-2,2,2
-4,-3,0,0,-493,1,-3,6,4,-1,1
7,-4,-9,2,0,2,0,1,-94,-7,2
-5,0,0,-7,4,-5,1,11,501,1,2
-4,1,1,9,-4,-5,3,4,2,-98,1
-4,10,0,5,-2,4,4,7,0,-300,2
0,4,7,0,99,6,1,0,-4,5,1
0,-3,-6,-8,6,-297,0,-2,9,1,2
-294,5,0,-4,2,3,-8,-4,1,3,2
301,6,7,8,0,8,-4,8,2,4,1
-3,-6,-6,10,-6,5,0,3,-1,-297,2
0,-1,8,107,2,-3,-11,-6,0,-2,1
-2,0,-1,95,16,0,-6,0,3,-3,1
-3,5,507,-4,4,-6,7,0,1,-2,1
-4,2,-2,-6,0,-5,10,-502,-5,2,2
0,1,5,3,296,1,-4,8,0,-1,1
-3,2,100,-2,-4,0,0,1,3,2,2
-2,1,489,0,-5,5,0,-4,0,-1,1
-98,-6,6,4,1,-3,0,6,13,-2,2
0,-1,-3,0,3,-1,507,-1,-2,-1,2
-3,-2,-3,8,-4,3,503,-9,-7,6,2
-9,-106,-5,1,5,-1,1,-1,-14,-1,2
4,4,-302,-3,3,-3,-2,-6,4,-2,2
-9,-7,-299,-7,10,3,0,-7,1,-3,2
-3,3,3,-4,2,496,0,4,12,2,2
-3,-497,2,-2,-12,-2,0,6,-3,0,2
-5,-2,-2,-103,1,-3,-9,0,-9,-3,1
5,1,-1,0,500,6,-4,7,1,3,1
-6,-2,-5,2,-1,-2,294,-5,-9,3,2
-5,-291,-5,-3,9,11,0,-5,6,-2,1
0,-1,5,5,1,6,-5,2,-1,497,1
-4,-2,-3,-3,511,-4,0,10,8,-1,1
503,-2,-5,-3,-2,8,1,0,-6,9,1
502,-7,-7,11,1,-3,1,1,3,5,1
-1,6,1,8,9,-7,0,-1,300,-5,1
-3,-4,5,298,-12,0,3,7,-1,4,1
-4,3,2,491,6,-2,5,1,-4,-1,1
0,-102,-4,4,-1,0,3,5,2,-1,2
8,-1,96,6,11,-4,0,2,3,1,2
-4,-1,-2,-5,4,3,109,3,6,1,2
-13,495,12,2,-11,0,-4,-3,-6,-5,1
2,3,-3,-513,7,3,-3,3,-3,-6,1
499,7,0,11,-4,-5,8,-1,-5,-8,1
-2,0,-1,3,-2,299,6,5,-1,-4,2
-8,304,-11,-2,4,-4,2,-1,0,-2,2
3,-2,0,-1,-295,-1,6,5,0,3,2
8,105,-3,6,-8,2,0,1,1,-3,1
-10,-1,-97,-4,4,2,1,-1,4,6,1
11,1,-5,-2,-8,8,1,-4,1,-304,2
6,-7,4,1,-5,2,0,103,-2,1,2
3,3,-500,6,-10,0,-5,-2,-3,3,1
-3,-5,-5,4,1,8,6,-3,13,97,2
489,4,-3,3,0,1,3,6,5,6,1
0,0,3,4,-9,-4,4,-297,1,-3,1
0,-4,5,-104,-6,-2,-4,6,3,-5,1
2,-2,1,506,-2,2,5,-4,-5,3,1
0,8,-1,5,0,3,-10,5,295,3,1
-1,-4,0,-2,-5,-93,0,0,2,3,1
1,0,4,0,4,12,-496,-1,0,-3,1
1,-10,-1,0,5,5,2,3,-6,503,1
3,4,-13,-6,-2,-497,-1,4,-12,-2,1
0,-9,-4,5,0,-5,-2,0,4,-298,2
11,-113,10,-5,-8,-3,-1,-4,-8,3,2
3,6,-3,5,-3,-9,5,95,0,-6,2
-7,1,2,0,-4,500,0,-14,-1,10,2
3,9,-304,-2,7,-1,0,-5,0,7,2
2,3,-5,-2,-5,-500,-3,-2,-5,0,1
-2,0,7,0,-6,97,0,5,-1,4,1
1,2,0,-2,-2,1,2,-298,0,0,1
-3,2,-1,-6,-94,1,-1,5,4,2,2
-2,1,502,0,6,-4,-6,0,-1,0,1
-490,0,-2,7,2,-1,-4,-5,-6,1,2
97,0,-2,0,0,-4,1,5,1,4,1
-8,0,-93,9,-1,1,0,0,-1,-4,1
6,-9,303,0,-5,-10,9,1,-3,0,1
6,2,1,3,-4,1,1,93,-12,-1,2
0,-6,-4,5,-3,4,-2,-299,2,1,1
-3,-1,10,1,-3,0,-499,-2,5,1,1
-1,0,6,2,0,-2,-293,-7,3,2,2
105,-8,-2,-4,-10,2,1,1,-1,4,1
2,-3,-9,-3,-3,-2,-300,-8,0,0,2
3,5,1,-1,-497,-8,-3,4,1,6,1
99,0,-4,-4,2,-4,-3,-7,1,-2,1
1,-9,9,0,5,96,1,-8,2,0,1
2,-2,0,-6,1,101,3,0,-7,0,1
-2,6,-1,8,8,105,3,12,-4,0,1
-3,-10,-5,-2,2,0,5,303,-8,5,2
1,-7,1,5,2,1,-4,95,1,5,2
-4,-3,101,0,-1,0,-2,1,6,5,2
2,4,-5,-2,-1,-3,-6,9,-4,-102,1
-2,3,0,-295,-4,-4,0,-4,7,-5,2
6,-513,0,-2,0,-6,6,-1,2,0,2
-3,-5,-1,2,1,3,-11,0,-1,101,2
-1,1,-301,1,9,2,-1,1,-6,0,2
-12,7,-2,0,93,5,-10,-2,-1,-6,1
1,0,1,1,-9,0,3,-9,2,-101,1
-1,10,2,0,-1,1,-8,94,0,3,2
-3,2,3,0,1,-505,5,5,4,-2,1
3,4,-490,11,-3,2,-6,3,-3,4,1
1,1,-5,-2,-2,-1,505,9,7,-2,2
7,-8,0,-4,1,-6,-100,2,9,-1,1
4,0,297,-13,-2,0,8,1,4,0,1
-5,-3,-1,7,7,0,2,4,297,8,1
-5,1,0,2,5,4,7,-3,102,-1,1
-5,-99,4,4,1,0,7,-1,4,2,2
0,4,-92,2,0,1,3,0,2,7,1
0,-3,-5,298,1,5,0,4,2,-1,1
4,-3,-1,-2,7,-499,-5,-1,-2,9,1
